ISO3,DataId,Indicator,Value,Precision,DHS_CountryCode,CountryName,SurveyYear,SurveyId,IndicatorId,IndicatorOrder,IndicatorType,CharacteristicId,CharacteristicOrder,CharacteristicCategory,CharacteristicLabel,ByVariableId,ByVariableLabel,IsTotal,IsPreferred,SDRID,RegionId,SurveyYearLabel,SurveyType,DenominatorWeighted,DenominatorUnweighted,CILow,CIHigh,LevelRank
GHA,116418,Age specific fertility rate: 10-14,2,0,GH,Ghana,1988,GH1988DHS,FE_FRTR_W_A10,11763005,I,1000,0,Total,Total,0,,1,1,FEFRTRWA10,,1988,DHS,,,,,
GHA,116431,Age specific fertility rate: 15-19,125,0,GH,Ghana,1988,GH1988DHS,FE_FRTR_W_A15,11763010,I,1000,0,Total,Total,0,,1,1,FEFRTRWA15,,1988,DHS,,,,,
GHA,202331,Women first married by exact age 15,12.8,1,GH,Ghana,1988,GH1988DHS,MA_MBAG_W_B15,41603010,I,12001,12001,Total 25-49,Total 25-49,0,,1,1,MAMBAGWB15,,1988,DHS,2772,2772,,,
GHA,202332,Women first married by exact age 18,48.2,1,GH,Ghana,1988,GH1988DHS,MA_MBAG_W_B18,41603020,I,12001,12001,Total 25-49,Total 25-49,0,,1,1,MAMBAGWB18,,1988,DHS,2772,2772,,,
GHA,815472,Neonatal mortality rate,43,0,GH,Ghana,1988,GH1988DHS,CM_ECMR_C_NNR,63206010,I,1000,0,Total,Total,14001,Five years preceding the survey,1,1,CMECMRCNNR,,1988,DHS,,,35,51,
GHA,785162,Neonatal mortality rate,47,0,GH,Ghana,1988,GH1988DHS,CM_ECMR_C_NNR,63206010,I,1000,0,Total,Total,14003,Ten years preceding the survey,1,0,CMECMRCNNR,,1988,DHS,,,41,53,
GHA,104810,Under-five mortality rate,155,0,GH,Ghana,1988,GH1988DHS,CM_ECMR_C_U5M,63206050,I,1000,0,Total,Total,14001,Five years preceding the survey,1,1,CMECMRCU5M,,1988,DHS,,,139,171,
GHA,104889,Under-five mortality rate,154,0,GH,Ghana,1988,GH1988DHS,CM_ECMR_C_U5M,63206050,I,1000,0,Total,Total,14003,Ten years preceding the survey,1,0,CMECMRCU5M,,1988,DHS,,,141,166,
GHA,554587,Assistance during delivery from a skilled provider,40.9,1,GH,Ghana,1988,GH1988DHS,RH_DELA_C_SKP,83606110,I,1000,0,Total,Total,14000,Three years preceding the survey,1,0,RHDELACSKP,,1988,DHS,2565,2565,,,
GHA,195252,Assistance during delivery from a skilled provider,40.1,1,GH,Ghana,1988,GH1988DHS,RH_DELA_C_SKP,83606110,I,1000,0,Total,Total,14001,Five years preceding the survey,1,0,RHDELACSKP,,1988,DHS,4136,4136,,,
GHA,752952,Assistance during delivery from a skilled provider,40.9,1,GH,Ghana,1988,GH1988DHS,RH_DELA_C_SKP,83606110,I,1000,0,Total,Total,14002,Two years preceding the survey,1,1,RHDELACSKP,,1988,DHS,1689,1689,,,
GHA,410525,DPT 3 vaccination received,24.3,1,GH,Ghana,1988,GH1988DHS,CH_VACC_C_DP3,93906040,I,1000,0,Total,Total,0,,1,1,CHVACCCDP3,,1988,DHS,782,782,,,
GHA,116953,Age specific fertility rate: 10-14,1,0,GH,Ghana,1993,GH1993DHS,FE_FRTR_W_A10,11763005,I,1000,0,Total,Total,0,,1,1,FEFRTRWA10,,1993,DHS,,,,,
GHA,116954,Age specific fertility rate: 15-19,116,0,GH,Ghana,1993,GH1993DHS,FE_FRTR_W_A15,11763010,I,1000,0,Total,Total,0,,1,1,FEFRTRWA15,,1993,DHS,,,,,
GHA,618825,Demand for family planning satisfied by modern methods,17.7,1,GH,Ghana,1993,GH1993DHS,FP_NADM_W_PDM,32933150,I,1000,0,Total,Total,0,,1,1,FPNADMWPDM,,1993,DHS,1831,1831,,,
GHA,456493,Demand for family planning satisfied by modern methods (all women),20.2,1,GH,Ghana,1993,GH1993DHS,FP_NADA_W_PDM,32963150,I,1000,0,Total,Total,0,,1,1,FPNADAWPDM,,1993,DHS,2089,2089,,,
GHA,71766,Demand for family planning satisfied by modern methods (sexually active unmarried women),48,1,GH,Ghana,1993,GH1993DHS,FP_NADU_W_PDM,33003150,I,1000,0,Total,Total,0,,1,1,FPNADUWPDM,,1993,DHS,150,150,,,
GHA,496859,Women first married by exact age 15,5.7,1,GH,Ghana,1993,GH1993DHS,MA_MBAG_W_B15,41603010,I,12001,12001,Total 25-49,Total 25-49,0,,1,1,MAMBAGWB15,,1993,DHS,2930,2930,,,
GHA,496862,Women first married by exact age 18,38.4,1,GH,Ghana,1993,GH1993DHS,MA_MBAG_W_B18,41603020,I,12001,12001,Total 25-49,Total 25-49,0,,1,1,MAMBAGWB18,,1993,DHS,2930,2930,,,
GHA,105037,Neonatal mortality rate,41,0,GH,Ghana,1993,GH1993DHS,CM_ECMR_C_NNR,63206010,I,1000,0,Total,Total,14001,Five years preceding the survey,1,1,CMECMRCNNR,,1993,DHS,,,33,48,
GHA,775670,Neonatal mortality rate,46,0,GH,Ghana,1993,GH1993DHS,CM_ECMR_C_NNR,63206010,I,1000,0,Total,Total,14003,Ten years preceding the survey,1,0,CMECMRCNNR,,1993,DHS,,,40,52,
GHA,105011,Under-five mortality rate,119,0,GH,Ghana,1993,GH1993DHS,CM_ECMR_C_U5M,63206050,I,1000,0,Total,Total,14001,Five years preceding the survey,1,1,CMECMRCU5M,,1993,DHS,,,107,132,
GHA,800542,Under-five mortality rate,133,0,GH,Ghana,1993,GH1993DHS,CM_ECMR_C_U5M,63206050,I,1000,0,Total,Total,14003,Ten years preceding the survey,1,0,CMECMRCU5M,,1993,DHS,,,121,145,
GHA,671266,Assistance during delivery from a skilled provider,43.7,1,GH,Ghana,1993,GH1993DHS,RH_DELA_C_SKP,83606110,I,1000,0,Total,Total,14000,Three years preceding the survey,1,0,RHDELACSKP,,1993,DHS,2204,2204,,,
GHA,420748,Assistance during delivery from a skilled provider,43.4,1,GH,Ghana,1993,GH1993DHS,RH_DELA_C_SKP,83606110,I,1000,0,Total,Total,14002,Two years preceding the survey,1,1,RHDELACSKP,,1993,DHS,1485,1485,,,
GHA,148806,DPT 3 vaccination received,62.4,1,GH,Ghana,1993,GH1993DHS,CH_VACC_C_DP3,93906040,I,1000,0,Total,Total,0,,1,1,CHVACCCDP3,,1993,DHS,651,651,,,
GHA,484073,Children stunted,32.5,1,GH,Ghana,1993,GH1993DHS,CN_NUTS_C_HA2,104236020,I,1000,0,Total,Total,0,,1,1,CNNUTSCHA2,,1993,DHS,1819,1819,,,
GHA,374380,Children wasted,13.8,1,GH,Ghana,1993,GH1993DHS,CN_NUTS_C_WH2,104236050,I,1000,0,Total,Total,0,,1,1,CNNUTSCWH2,,1993,DHS,1819,1819,,,
GHA,374381,Children overweight,2.5,1,GH,Ghana,1993,GH1993DHS,CN_NUTS_C_WHP,104236060,I,1000,0,Total,Total,0,,1,1,CNNUTSCWHP,,1993,DHS,1819,1819,,,
GHA,658117,Population using open defecation,26.5,1,GH,Ghana,1993,GH1993DHS,WS_TLET_P_NFC,250262210,I,1000,0,Total,Total,0,,1,1,WSTLETPNFC,,1993,DHS,21900,21900,,,
GHA,295900,Population with electricity,27.8,1,GH,Ghana,1993,GH1993DHS,HC_ELEC_P_ELC,260322010,I,1000,0,Total,Total,0,,1,1,HCELECPELC,,1993,DHS,21900,21900,,,
GHA,117217,Age specific fertility rate: 10-14,0,0,GH,Ghana,1998,GH1998DHS,FE_FRTR_W_A10,11763005,I,1000,0,Total,Total,0,,1,1,FEFRTRWA10,,1998,DHS,,,,,
GHA,117218,Age specific fertility rate: 15-19,88,0,GH,Ghana,1998,GH1998DHS,FE_FRTR_W_A15,11763010,I,1000,0,Total,Total,0,,1,1,FEFRTRWA15,,1998,DHS,,,,,
GHA,680974,Demand for family planning satisfied by modern methods,23.5,1,GH,Ghana,1998,GH1998DHS,FP_NADM_W_PDM,32933150,I,1000,0,Total,Total,0,,1,1,FPNADMWPDM,,1998,DHS,1776,1740,,,
GHA,451298,Demand for family planning satisfied by modern methods (all women),24.5,1,GH,Ghana,1998,GH1998DHS,FP_NADA_W_PDM,32963150,I,1000,0,Total,Total,0,,1,1,FPNADAWPDM,,1998,DHS,2110,2053,,,
GHA,596881,Demand for family planning satisfied by modern methods (sexually active unmarried women),25,1,GH,Ghana,1998,GH1998DHS,FP_NADU_W_PDM,33003150,I,1000,0,Total,Total,0,,1,1,FPNADUWPDM,,1998,DHS,192,180,,,
GHA,712883,Women first married by exact age 15,8.3,1,GH,Ghana,1998,GH1998DHS,MA_MBAG_W_B15,41603010,I,12001,12001,Total 25-49,Total 25-49,0,,1,1,MAMBAGWB15,,1998,DHS,3033,3067,,,
GHA,712884,Women first married by exact age 18,37.8,1,GH,Ghana,1998,GH1998DHS,MA_MBAG_W_B18,41603020,I,12001,12001,Total 25-49,Total 25-49,0,,1,1,MAMBAGWB18,,1998,DHS,3033,3067,,,
GHA,829280,Neonatal mortality rate,30,0,GH,Ghana,1998,GH1998DHS,CM_ECMR_C_NNR,63206010,I,1000,0,Total,Total,14001,Five years preceding the survey,1,1,CMECMRCNNR,,1998,DHS,,,23,37,
GHA,818700,Neonatal mortality rate,32,0,GH,Ghana,1998,GH1998DHS,CM_ECMR_C_NNR,63206010,I,1000,0,Total,Total,14003,Ten years preceding the survey,1,0,CMECMRCNNR,,1998,DHS,,,27,38,
GHA,809977,Under-five mortality rate,108,0,GH,Ghana,1998,GH1998DHS,CM_ECMR_C_U5M,63206050,I,1000,0,Total,Total,14001,Five years preceding the survey,1,1,CMECMRCU5M,,1998,DHS,,,95,120,
GHA,813835,Under-five mortality rate,110,0,GH,Ghana,1998,GH1998DHS,CM_ECMR_C_U5M,63206050,I,1000,0,Total,Total,14003,Ten years preceding the survey,1,0,CMECMRCU5M,,1998,DHS,,,101,120,
GHA,609892,Assistance during delivery from a skilled provider,44.8,1,GH,Ghana,1998,GH1998DHS,RH_DELA_C_SKP,83606110,I,1000,0,Total,Total,14000,Three years preceding the survey,1,0,RHDELACSKP,,1998,DHS,1927,1968,,,
GHA,692678,Assistance during delivery from a skilled provider,44.3,1,GH,Ghana,1998,GH1998DHS,RH_DELA_C_SKP,83606110,I,1000,0,Total,Total,14001,Five years preceding the survey,1,0,RHDELACSKP,,1998,DHS,3194,3298,,,
GHA,348841,Assistance during delivery from a skilled provider,43.8,1,GH,Ghana,1998,GH1998DHS,RH_DELA_C_SKP,83606110,I,1000,0,Total,Total,14002,Two years preceding the survey,1,1,RHDELACSKP,,1998,DHS,1332,1370,,,
GHA,395077,DPT 3 vaccination received,72.2,1,GH,Ghana,1998,GH1998DHS,CH_VACC_C_DP3,93906040,I,1000,0,Total,Total,0,,1,1,CHVACCCDP3,,1998,DHS,644,651,,,
GHA,52625,Children stunted,30.6,1,GH,Ghana,1998,GH1998DHS,CN_NUTS_C_HA2,104236020,I,1000,0,Total,Total,0,,1,1,CNNUTSCHA2,,1998,DHS,2576,2632,,,
GHA,389178,Children wasted,10,1,GH,Ghana,1998,GH1998DHS,CN_NUTS_C_WH2,104236050,I,1000,0,Total,Total,0,,1,1,CNNUTSCWH2,,1998,DHS,2576,2632,,,
GHA,389179,Children overweight,2.4,1,GH,Ghana,1998,GH1998DHS,CN_NUTS_C_WHP,104236060,I,1000,0,Total,Total,0,,1,1,CNNUTSCWHP,,1998,DHS,2576,2632,,,
GHA,295478,Population using open defecation,24,1,GH,Ghana,1998,GH1998DHS,WS_TLET_P_NFC,250262210,I,1000,0,Total,Total,0,,1,1,WSTLETPNFC,,1998,DHS,21665,22433,,,
GHA,473147,Population with electricity,39.3,1,GH,Ghana,1998,GH1998DHS,HC_ELEC_P_ELC,260322010,I,1000,0,Total,Total,0,,1,1,HCELECPELC,,1998,DHS,21665,22433,,,
GHA,117327,Age specific fertility rate: 10-14,0,0,GH,Ghana,2003,GH2003DHS,FE_FRTR_W_A10,11763005,I,1000,0,Total,Total,0,,1,1,FEFRTRWA10,,2003,DHS,,,,,
GHA,117328,Age specific fertility rate: 15-19,74,0,GH,Ghana,2003,GH2003DHS,FE_FRTR_W_A15,11763010,I,1000,0,Total,Total,0,,1,1,FEFRTRWA15,,2003,DHS,,,,,
GHA,637426,Demand for family planning satisfied by modern methods,31.3,1,GH,Ghana,2003,GH2003DHS,FP_NADM_W_PDM,32933150,I,1000,0,Total,Total,0,,1,1,FPNADMWPDM,,2003,DHS,2117,2164,,,
GHA,475623,Demand for family planning satisfied by modern methods (all women),33.8,1,GH,Ghana,2003,GH2003DHS,FP_NADA_W_PDM,32963150,I,1000,0,Total,Total,0,,1,1,FPNADAWPDM,,2003,DHS,2567,2567,,,
GHA,552320,Demand for family planning satisfied by modern methods (sexually active unmarried women),36.6,1,GH,Ghana,2003,GH2003DHS,FP_NADU_W_PDM,33003150,I,1000,0,Total,Total,0,,1,1,FPNADUWPDM,,2003,DHS,222,196,,,
GHA,566579,Women first married by exact age 15,9.3,1,GH,Ghana,2003,GH2003DHS,MA_MBAG_W_B15,41603010,I,12001,12001,Total 25-49,Total 25-49,0,,1,1,MAMBAGWB15,,2003,DHS,3531,3581,,,
GHA,566594,Women first married by exact age 18,35.4,1,GH,Ghana,2003,GH2003DHS,MA_MBAG_W_B18,41603020,I,12001,12001,Total 25-49,Total 25-49,0,,1,1,MAMBAGWB18,,2003,DHS,3531,3581,,,
GHA,105565,Neonatal mortality rate,43,0,GH,Ghana,2003,GH2003DHS,CM_ECMR_C_NNR,63206010,I,1000,0,Total,Total,14001,Five years preceding the survey,1,1,CMECMRCNNR,,2003,DHS,,,35,51,
GHA,806188,Neonatal mortality rate,41,0,GH,Ghana,2003,GH2003DHS,CM_ECMR_C_NNR,63206010,I,1000,0,Total,Total,14003,Ten years preceding the survey,1,0,CMECMRCNNR,,2003,DHS,,,35,47,
GHA,105564,Under-five mortality rate,111,0,GH,Ghana,2003,GH2003DHS,CM_ECMR_C_U5M,63206050,I,1000,0,Total,Total,14001,Five years preceding the survey,1,1,CMECMRCU5M,,2003,DHS,,,99,123,
GHA,824335,Under-five mortality rate,110,0,GH,Ghana,2003,GH2003DHS,CM_ECMR_C_U5M,63206050,I,1000,0,Total,Total,14003,Ten years preceding the survey,1,0,CMECMRCU5M,,2003,DHS,,,100,119,
GHA,430303,Assistance during delivery from a skilled provider,46.4,1,GH,Ghana,2003,GH2003DHS,RH_DELA_C_SKP,83606110,I,1000,0,Total,Total,14000,Three years preceding the survey,1,0,RHDELACSKP,,2003,DHS,2175,2300,,,
GHA,46072,Assistance during delivery from a skilled provider,47.1,1,GH,Ghana,2003,GH2003DHS,RH_DELA_C_SKP,83606110,I,1000,0,Total,Total,14001,Five years preceding the survey,1,0,RHDELACSKP,,2003,DHS,3639,3844,,,
GHA,420874,Assistance during delivery from a skilled provider,45.8,1,GH,Ghana,2003,GH2003DHS,RH_DELA_C_SKP,83606110,I,1000,0,Total,Total,14002,Two years preceding the survey,1,1,RHDELACSKP,,2003,DHS,1476,1575,,,
GHA,739471,DPT 3 vaccination received,79.5,1,GH,Ghana,2003,GH2003DHS,CH_VACC_C_DP3,93906040,I,1000,0,Total,Total,0,,1,1,CHVACCCDP3,,2003,DHS,695,735,,,
GHA,318363,Appropriate disposal of stools,50.1,1,GH,Ghana,2003,GH2003DHS,CH_DSTL_C_SAF,94206150,I,1000,0,Total,Total,14000,Three years preceding the survey,1,0,CHDSTLCSAF,,2003,DHS,1846,1974,,,
GHA,542242,Appropriate disposal of stools,55.1,1,GH,Ghana,2003,GH2003DHS,CH_DSTL_C_SAF,94206150,I,1000,0,Total,Total,14001,Five years preceding the survey,1,1,CHDSTLCSAF,,2003,DHS,2459,2597,,,
GHA,618023,Appropriate disposal of stools,45,1,GH,Ghana,2003,GH2003DHS,CH_DSTL_C_SAF,94206150,I,1000,0,Total,Total,14002,Two years preceding the survey,1,0,CHDSTLCSAF,,2003,DHS,1339,1440,,,
GHA,505262,Women with any anemia,44.6,1,GH,Ghana,2003,GH2003DHS,AN_ANEM_W_ANY,114603010,I,1000,0,Total,Total,0,,1,1,ANANEMWANY,,2003,DHS,5272,5278,,,
GHA,748671,Women who smoke any type of tobacco,0.1,1,GH,Ghana,2003,GH2003DHS,AH_TOBC_W_ANY,151433005,I,10000,10000,Total 15-49,Total 15-49,0,,1,1,AHTOBCWANY,,2003,DHS,5691,5691,,,
GHA,607142,Men who smoke any type of tobacco,8.2,1,GH,Ghana,2003,GH2003DHS,AH_TOBC_M_ANY,151434005,I,10000,10000,Total 15-49,Total 15-49,0,,1,1,AHTOBCMANY,,2003,DHS,4529,4517,,,
GHA,520299,Women circumcised (FGC),5.4,1,GH,Ghana,2003,GH2003DHS,FG_PFCC_W_WCC,207503010,I,1000,0,Total,Total,0,,1,1,FGPFCCWWCC,,2003,DHS,5691,5691,,,
GHA,535505,Population using open defecation,24.6,1,GH,Ghana,2003,GH2003DHS,WS_TLET_P_NFC,250262210,I,1000,0,Total,Total,0,,1,1,WSTLETPNFC,,2003,DHS,25154,26307,,,
GHA,535506,Population with basic sanitation service,7.7,1,GH,Ghana,2003,GH2003DHS,WS_TLET_P_BAS,250262300,I,1000,0,Total,Total,0,,1,1,WSTLETPBAS,,2003,DHS,25154,26307,,,
GHA,218283,Population with electricity,44.2,1,GH,Ghana,2003,GH2003DHS,HC_ELEC_P_ELC,260322010,I,1000,0,Total,Total,0,,1,1,HCELECPELC,,2003,DHS,25154,26307,,,
GHA,218287,Population using clean fuel for cooking ,7.3,1,GH,Ghana,2003,GH2003DHS,HC_CKFL_P_CLN,260432150,I,1000,0,Total,Total,0,,1,1,HCCKFLPCLN,,2003,DHS,25154,26307,,,
GHA,117385,Age specific fertility rate: 10-14,0,0,GH,Ghana,2008,GH2008DHS,FE_FRTR_W_A10,11763005,I,1000,0,Total,Total,0,,1,1,FEFRTRWA10,,2008,DHS,,,,,
GHA,117386,Age specific fertility rate: 15-19,66,0,GH,Ghana,2008,GH2008DHS,FE_FRTR_W_A15,11763010,I,1000,0,Total,Total,0,,1,1,FEFRTRWA15,,2008,DHS,,,,,
GHA,381672,Demand for family planning satisfied by modern methods,28,1,GH,Ghana,2008,GH2008DHS,FP_NADM_W_PDM,32933150,I,1000,0,Total,Total,0,,1,1,FPNADMWPDM,,2008,DHS,1702,1710,,,
GHA,329089,Demand for family planning satisfied by modern methods (all women),31,1,GH,Ghana,2008,GH2008DHS,FP_NADA_W_PDM,32963150,I,1000,0,Total,Total,0,,1,1,FPNADAWPDM,,2008,DHS,2138,2116,,,
GHA,569427,Demand for family planning satisfied by modern methods (sexually active unmarried women),37.4,1,GH,Ghana,2008,GH2008DHS,FP_NADU_W_PDM,33003150,I,1000,0,Total,Total,0,,1,1,FPNADUWPDM,,2008,DHS,256,240,,,
GHA,494473,Women first married by exact age 15,7.3,1,GH,Ghana,2008,GH2008DHS,MA_MBAG_W_B15,41603010,I,12001,12001,Total 25-49,Total 25-49,0,,1,1,MAMBAGWB15,,2008,DHS,3014,3010,,,
GHA,494474,Women first married by exact age 18,33.5,1,GH,Ghana,2008,GH2008DHS,MA_MBAG_W_B18,41603020,I,12001,12001,Total 25-49,Total 25-49,0,,1,1,MAMBAGWB18,,2008,DHS,3014,3010,,,
GHA,774833,Neonatal mortality rate,30,0,GH,Ghana,2008,GH2008DHS,CM_ECMR_C_NNR,63206010,I,1000,0,Total,Total,14001,Five years preceding the survey,1,1,CMECMRCNNR,,2008,DHS,,,23,37,
GHA,105706,Neonatal mortality rate,32,0,GH,Ghana,2008,GH2008DHS,CM_ECMR_C_NNR,63206010,I,1000,0,Total,Total,14003,Ten years preceding the survey,1,0,CMECMRCNNR,,2008,DHS,,,26,38,
GHA,806199,Under-five mortality rate,80,0,GH,Ghana,2008,GH2008DHS,CM_ECMR_C_U5M,63206050,I,1000,0,Total,Total,14001,Five years preceding the survey,1,1,CMECMRCU5M,,2008,DHS,,,68,92,
GHA,834378,Under-five mortality rate,85,0,GH,Ghana,2008,GH2008DHS,CM_ECMR_C_U5M,63206050,I,1000,0,Total,Total,14003,Ten years preceding the survey,1,0,CMECMRCU5M,,2008,DHS,,,76,94,
GHA,645249,Assistance during delivery from a skilled provider,59.5,1,GH,Ghana,2008,GH2008DHS,RH_DELA_C_SKP,83606110,I,1000,0,Total,Total,14000,Three years preceding the survey,1,0,RHDELACSKP,,2008,DHS,1760,1826,,,
GHA,474070,Assistance during delivery from a skilled provider,58.7,1,GH,Ghana,2008,GH2008DHS,RH_DELA_C_SKP,83606110,I,1000,0,Total,Total,14001,Five years preceding the survey,1,0,RHDELACSKP,,2008,DHS,2909,2992,,,
GHA,298078,Assistance during delivery from a skilled provider,60.1,1,GH,Ghana,2008,GH2008DHS,RH_DELA_C_SKP,83606110,I,1000,0,Total,Total,14002,Two years preceding the survey,1,1,RHDELACSKP,,2008,DHS,1228,1281,,,
GHA,155931,DPT 3 vaccination received,88.8,1,GH,Ghana,2008,GH2008DHS,CH_VACC_C_DP3,93906040,I,1000,0,Total,Total,0,,1,1,CHVACCCDP3,,2008,DHS,552,569,,,
GHA,385238,Appropriate disposal of stools,38.8,1,GH,Ghana,2008,GH2008DHS,CH_DSTL_C_SAF,94206150,I,1000,0,Total,Total,14000,Three years preceding the survey,1,0,CHDSTLCSAF,,2008,DHS,1492,1548,,,
GHA,484268,Appropriate disposal of stools,42.4,1,GH,Ghana,2008,GH2008DHS,CH_DSTL_C_SAF,94206150,I,1000,0,Total,Total,14001,Five years preceding the survey,1,1,CHDSTLCSAF,,2008,DHS,1989,2030,,,
GHA,473674,Appropriate disposal of stools,36.8,1,GH,Ghana,2008,GH2008DHS,CH_DSTL_C_SAF,94206150,I,1000,0,Total,Total,14002,Two years preceding the survey,1,0,CHDSTLCSAF,,2008,DHS,1134,1175,,,
GHA,642945,Children stunted,28,1,GH,Ghana,2008,GH2008DHS,CN_NUTS_C_HA2,104236020,I,1000,0,Total,Total,0,,1,1,CNNUTSCHA2,,2008,DHS,2525,2640,,,
GHA,320895,Children wasted,8.5,1,GH,Ghana,2008,GH2008DHS,CN_NUTS_C_WH2,104236050,I,1000,0,Total,Total,0,,1,1,CNNUTSCWH2,,2008,DHS,2525,2640,,,
GHA,320896,Children overweight,5.3,1,GH,Ghana,2008,GH2008DHS,CN_NUTS_C_WHP,104236060,I,1000,0,Total,Total,0,,1,1,CNNUTSCWHP,,2008,DHS,2525,2640,,,
GHA,275371,Women with any anemia,58.7,1,GH,Ghana,2008,GH2008DHS,AN_ANEM_W_ANY,114603010,I,1000,0,Total,Total,0,,1,1,ANANEMWANY,,2008,DHS,4758,4758,,,
GHA,250597,Women who smoke any type of tobacco,0.2,1,GH,Ghana,2008,GH2008DHS,AH_TOBC_W_ANY,151433005,I,10000,10000,Total 15-49,Total 15-49,0,,1,1,AHTOBCWANY,,2008,DHS,4916,4916,,,
GHA,479147,Men who smoke any type of tobacco,6.5,1,GH,Ghana,2008,GH2008DHS,AH_TOBC_M_ANY,151434005,I,10000,10000,Total 15-49,Total 15-49,0,,1,1,AHTOBCMANY,,2008,DHS,4058,4050,,,
GHA,276396,Women who ever experienced sexual violence,18.8,1,GH,Ghana,2008,GH2008DHS,DV_EXSV_W_EVR,197203010,I,10000,10000,Total 15-49,Total 15-49,0,,1,1,DVEXSVWEVR,,2008,DHS,2442,2442,,,
GHA,444403,Emotional violence committed by husband/partner in last 12 months,29.6,1,GH,Ghana,2008,GH2008DHS,DV_SPV1_W_EMT,198303010,I,10000,10000,Total 15-49,Total 15-49,631001,Ever-married,1,0,DVSPV1WEMT,,2008,DHS,1671,1836,,,
GHA,444398,Physical violence committed by husband/partner in last 12 months,17.3,1,GH,Ghana,2008,GH2008DHS,DV_SPV1_W_PHS,198303020,I,10000,10000,Total 15-49,Total 15-49,631001,Ever-married,1,0,DVSPV1WPHS,,2008,DHS,1671,1836,,,
GHA,444404,Sexual violence committed by husband/partner in last 12 months,5,1,GH,Ghana,2008,GH2008DHS,DV_SPV1_W_SEX,198303030,I,10000,10000,Total 15-49,Total 15-49,631001,Ever-married,1,0,DVSPV1WSEX,,2008,DHS,1671,1836,,,
GHA,444402,Physical or sexual or emotional violence committed by husband/partner in last 12 months,33.6,1,GH,Ghana,2008,GH2008DHS,DV_SPV1_W_ANY,198303070,I,10000,10000,Total 15-49,Total 15-49,631001,Ever-married,1,0,DVSPV1WANY,,2008,DHS,1671,1836,,,
GHA,628287,Children registered,71.2,1,GH,Ghana,2008,GH2008DHS,CP_BREG_C_REG,220906030,I,1000,0,Total,Total,0,,1,1,CPBREGCREG,,2008,DHS,5832,6173,,,
GHA,611500,Population using open defecation,23.1,1,GH,Ghana,2008,GH2008DHS,WS_TLET_P_NFC,250262210,I,1000,0,Total,Total,0,,1,1,WSTLETPNFC,,2008,DHS,44080,46061,,,
GHA,611501,Population with basic sanitation service,12.4,1,GH,Ghana,2008,GH2008DHS,WS_TLET_P_BAS,250262300,I,1000,0,Total,Total,0,,1,1,WSTLETPBAS,,2008,DHS,44080,46061,,,
GHA,497859,Population with electricity,56,1,GH,Ghana,2008,GH2008DHS,HC_ELEC_P_ELC,260322010,I,1000,0,Total,Total,0,,1,1,HCELECPELC,,2008,DHS,44080,46061,,,
GHA,497875,Population using clean fuel for cooking ,11.3,1,GH,Ghana,2008,GH2008DHS,HC_CKFL_P_CLN,260432150,I,1000,0,Total,Total,0,,1,1,HCCKFLPCLN,,2008,DHS,44080,46061,,,
GHA,828222,Age specific fertility rate: 10-14,1,0,GH,Ghana,2014,GH2014DHS,FE_FRTR_W_A10,11763005,I,1000,0,Total,Total,0,,1,1,FEFRTRWA10,,2014,DHS,,,,,
GHA,828223,Age specific fertility rate: 15-19,76,0,GH,Ghana,2014,GH2014DHS,FE_FRTR_W_A15,11763010,I,1000,0,Total,Total,0,,1,1,FEFRTRWA15,,2014,DHS,,,,,
GHA,825371,Demand for family planning satisfied by modern methods,39.2,1,GH,Ghana,2014,GH2014DHS,FP_NADM_W_PDM,32933150,I,1000,0,Total,Total,0,,1,1,FPNADMWPDM,,2014,DHS,3010,2989,,,
GHA,826896,Demand for family planning satisfied by modern methods (all women),41.2,1,GH,Ghana,2014,GH2014DHS,FP_NADA_W_PDM,32963150,I,1000,0,Total,Total,0,,1,1,FPNADAWPDM,,2014,DHS,4146,4034,,,
GHA,825601,Demand for family planning satisfied by modern methods (sexually active unmarried women),36.6,1,GH,Ghana,2014,GH2014DHS,FP_NADU_W_PDM,33003150,I,1000,0,Total,Total,0,,1,1,FPNADUWPDM,,2014,DHS,632,572,,,
GHA,620965,Women first married by exact age 15,7.6,1,GH,Ghana,2014,GH2014DHS,MA_MBAG_W_B15,41603010,I,12001,12001,Total 25-49,Total 25-49,0,,1,1,MAMBAGWB15,,2014,DHS,6158,6069,,,
GHA,620966,Women first married by exact age 18,28.9,1,GH,Ghana,2014,GH2014DHS,MA_MBAG_W_B18,41603020,I,12001,12001,Total 25-49,Total 25-49,0,,1,1,MAMBAGWB18,,2014,DHS,6158,6069,,,
GHA,106006,Neonatal mortality rate,29,0,GH,Ghana,2014,GH2014DHS,CM_ECMR_C_NNR,63206010,I,1000,0,Total,Total,14001,Five years preceding the survey,1,1,CMECMRCNNR,,2014,DHS,,,23,34,
GHA,106041,Neonatal mortality rate,31,0,GH,Ghana,2014,GH2014DHS,CM_ECMR_C_NNR,63206010,I,1000,0,Total,Total,14003,Ten years preceding the survey,1,0,CMECMRCNNR,,2014,DHS,,,27,35,
GHA,775253,Under-five mortality rate,60,0,GH,Ghana,2014,GH2014DHS,CM_ECMR_C_U5M,63206050,I,1000,0,Total,Total,14001,Five years preceding the survey,1,1,CMECMRCU5M,,2014,DHS,,,52,68,
GHA,802972,Under-five mortality rate,70,0,GH,Ghana,2014,GH2014DHS,CM_ECMR_C_U5M,63206050,I,1000,0,Total,Total,14003,Ten years preceding the survey,1,0,CMECMRCU5M,,2014,DHS,,,64,76,
GHA,163603,Assistance during delivery from a skilled provider,75.8,1,GH,Ghana,2014,GH2014DHS,RH_DELA_C_SKP,83606110,I,1000,0,Total,Total,14000,Three years preceding the survey,1,0,RHDELACSKP,,2014,DHS,3510,3618,,,
GHA,470614,Assistance during delivery from a skilled provider,73.7,1,GH,Ghana,2014,GH2014DHS,RH_DELA_C_SKP,83606110,I,1000,0,Total,Total,14001,Five years preceding the survey,1,0,RHDELACSKP,,2014,DHS,5695,5884,,,
GHA,380880,Assistance during delivery from a skilled provider,75.5,1,GH,Ghana,2014,GH2014DHS,RH_DELA_C_SKP,83606110,I,1000,0,Total,Total,14002,Two years preceding the survey,1,1,RHDELACSKP,,2014,DHS,2350,2415,,,
GHA,824876,DPT 3 vaccination received,88.5,1,GH,Ghana,2014,GH2014DHS,CH_VACC_C_DP3,93906040,I,1000,0,Total,Total,0,,1,1,CHVACCCDP3,,2014,DHS,1113,1128,,,
GHA,561911,Appropriate disposal of stools,29.4,1,GH,Ghana,2014,GH2014DHS,CH_DSTL_C_SAF,94206150,I,1000,0,Total,Total,14000,Three years preceding the survey,1,0,CHDSTLCSAF,,2014,DHS,2996,3120,,,
GHA,556578,Appropriate disposal of stools,35.5,1,GH,Ghana,2014,GH2014DHS,CH_DSTL_C_SAF,94206150,I,1000,0,Total,Total,14001,Five years preceding the survey,1,1,CHDSTLCSAF,,2014,DHS,3951,4101,,,
GHA,676779,Appropriate disposal of stools,24.5,1,GH,Ghana,2014,GH2014DHS,CH_DSTL_C_SAF,94206150,I,1000,0,Total,Total,14002,Two years preceding the survey,1,0,CHDSTLCSAF,,2014,DHS,2203,2262,,,
GHA,828539,Children stunted,18.8,1,GH,Ghana,2014,GH2014DHS,CN_NUTS_C_HA2,104236020,I,1000,0,Total,Total,0,,1,1,CNNUTSCHA2,,2014,DHS,2895,3034,,,
GHA,824796,Children wasted,4.7,1,GH,Ghana,2014,GH2014DHS,CN_NUTS_C_WH2,104236050,I,1000,0,Total,Total,0,,1,1,CNNUTSCWH2,,2014,DHS,2895,3034,,,
GHA,824797,Children overweight,2.6,1,GH,Ghana,2014,GH2014DHS,CN_NUTS_C_WHP,104236060,I,1000,0,Total,Total,0,,1,1,CNNUTSCWHP,,2014,DHS,2895,3034,,,
GHA,828582,Women with any anemia,42.4,1,GH,Ghana,2014,GH2014DHS,AN_ANEM_W_ANY,114603010,I,1000,0,Total,Total,0,,1,1,ANANEMWANY,,2014,DHS,4644,4704,,,
GHA,206578,Women who smoke any type of tobacco,0.1,1,GH,Ghana,2014,GH2014DHS,AH_TOBC_W_ANY,151433005,I,10000,10000,Total 15-49,Total 15-49,0,,1,1,AHTOBCWANY,,2014,DHS,9396,9396,,,
GHA,131339,Men who smoke any type of tobacco,4.7,1,GH,Ghana,2014,GH2014DHS,AH_TOBC_M_ANY,151434005,I,10000,10000,Total 15-49,Total 15-49,0,,1,1,AHTOBCMANY,,2014,DHS,3869,3855,,,
GHA,824509,Children registered,70.5,1,GH,Ghana,2014,GH2014DHS,CP_BREG_C_REG,220906030,I,1000,0,Total,Total,0,,1,1,CPBREGCREG,,2014,DHS,5819,6133,,,
GHA,828601,Population using open defecation,21,1,GH,Ghana,2014,GH2014DHS,WS_TLET_P_NFC,250262210,I,1000,0,Total,Total,0,,1,1,WSTLETPNFC,,2014,DHS,41223,43313,,,
GHA,828602,Population with basic sanitation service,15,1,GH,Ghana,2014,GH2014DHS,WS_TLET_P_BAS,250262300,I,1000,0,Total,Total,0,,1,1,WSTLETPBAS,,2014,DHS,41223,43313,,,
GHA,825141,"Population with a basic handwashing facility, with soap and water available",22.1,1,GH,Ghana,2014,GH2014DHS,WS_HNDW_P_BAS,250302150,I,1000,0,Total,Total,0,,1,1,WSHNDWPBAS,,2014,DHS,37155,39282,,,
GHA,827859,Population with electricity,74.6,1,GH,Ghana,2014,GH2014DHS,HC_ELEC_P_ELC,260322010,I,1000,0,Total,Total,0,,1,1,HCELECPELC,,2014,DHS,41223,43313,,,
GHA,827885,Population using clean fuel for cooking ,20.7,1,GH,Ghana,2014,GH2014DHS,HC_CKFL_P_CLN,260432150,I,1000,0,Total,Total,0,,1,1,HCCKFLPCLN,,2014,DHS,41223,43313,,,
GHA,774983,Age specific fertility rate: 10-14,3,0,GH,Ghana,2016,GH2016MIS,FE_FRTR_W_A10,11763005,I,1000,0,Total,Total,0,,1,1,FEFRTRWA10,,2016,MIS,,,,,
GHA,774984,Age specific fertility rate: 15-19,76,0,GH,Ghana,2016,GH2016MIS,FE_FRTR_W_A15,11763010,I,1000,0,Total,Total,0,,1,1,FEFRTRWA15,,2016,MIS,,,,,
GHA,774486,Population using open defecation,18.7,1,GH,Ghana,2016,GH2016MIS,WS_TLET_P_NFC,250262210,I,1000,0,Total,Total,0,,1,1,WSTLETPNFC,,2016,MIS,21088,22718,,,
GHA,774487,Population with basic sanitation service,16.7,1,GH,Ghana,2016,GH2016MIS,WS_TLET_P_BAS,250262300,I,1000,0,Total,Total,0,,1,1,WSTLETPBAS,,2016,MIS,21088,22718,,,
GHA,774199,Population with electricity,76.8,1,GH,Ghana,2016,GH2016MIS,HC_ELEC_P_ELC,260322010,I,1000,0,Total,Total,0,,1,1,HCELECPELC,,2016,MIS,21088,22718,,,
GHA,774223,Population using clean fuel for cooking ,20.2,1,GH,Ghana,2016,GH2016MIS,HC_CKFL_P_CLN,260432150,I,1000,0,Total,Total,0,,1,1,HCCKFLPCLN,,2016,MIS,21088,22718,,,
GHA,118284,Age specific fertility rate: 10-14,1,0,GH,Ghana,2019,GH2019MIS,FE_FRTR_W_A10,11763005,I,1000,0,Total,Total,0,,1,1,FEFRTRWA10,,2019,MIS,,,,,
GHA,118285,Age specific fertility rate: 15-19,78,0,GH,Ghana,2019,GH2019MIS,FE_FRTR_W_A15,11763010,I,1000,0,Total,Total,0,,1,1,FEFRTRWA15,,2019,MIS,,,,,
GHA,686477,Population using open defecation,18.5,1,GH,Ghana,2019,GH2019MIS,WS_TLET_P_NFC,250262210,I,1000,0,Total,Total,0,,1,1,WSTLETPNFC,,2019,MIS,22195,23442,,,
GHA,686479,Population with basic sanitation service,20,1,GH,Ghana,2019,GH2019MIS,WS_TLET_P_BAS,250262300,I,1000,0,Total,Total,0,,1,1,WSTLETPBAS,,2019,MIS,22195,23442,,,
GHA,708012,Population with electricity,81.3,1,GH,Ghana,2019,GH2019MIS,HC_ELEC_P_ELC,260322010,I,1000,0,Total,Total,0,,1,1,HCELECPELC,,2019,MIS,22195,23442,,,
GHA,707999,Population using clean fuel for cooking ,21.2,1,GH,Ghana,2019,GH2019MIS,HC_CKFL_P_CLN,260432150,I,1000,0,Total,Total,0,,1,1,HCCKFLPCLN,,2019,MIS,22195,23442,,,
GHA,145955,Age specific fertility rate: 10-14,2,0,GH,Ghana,2022,GH2022DHS,FE_FRTR_W_A10,11763005,I,1000,0,Total,Total,0,,1,1,FEFRTRWA10,,2022,DHS,,,,,
GHA,145956,Age specific fertility rate: 15-19,63,0,GH,Ghana,2022,GH2022DHS,FE_FRTR_W_A15,11763010,I,1000,0,Total,Total,0,,1,1,FEFRTRWA15,,2022,DHS,,,,,
GHA,153215,Demand for family planning satisfied by modern methods,46.5,1,GH,Ghana,2022,GH2022DHS,FP_NADM_W_PDM,32933150,I,1000,0,Total,Total,0,,1,1,FPNADMWPDM,,2022,DHS,4902,5011,,,
GHA,423172,Demand for family planning satisfied by modern methods (all women),49.5,1,GH,Ghana,2022,GH2022DHS,FP_NADA_W_PDM,32963150,I,1000,0,Total,Total,0,,1,1,FPNADAWPDM,,2022,DHS,7113,7031,,,
GHA,461650,Demand for family planning satisfied by modern methods (sexually active unmarried women),52.2,1,GH,Ghana,2022,GH2022DHS,FP_NADU_W_PDM,33003150,I,1000,0,Total,Total,0,,1,1,FPNADUWPDM,,2022,DHS,1158,1086,,,
GHA,12367,Women first married by exact age 15,5.7,1,GH,Ghana,2022,GH2022DHS,MA_MBAG_W_B15,41603010,I,12001,12001,Total 25-49,Total 25-49,0,,1,1,MAMBAGWB15,,2022,DHS,9638,9510,,,
GHA,12368,Women first married by exact age 18,23.2,1,GH,Ghana,2022,GH2022DHS,MA_MBAG_W_B18,41603020,I,12001,12001,Total 25-49,Total 25-49,0,,1,1,MAMBAGWB18,,2022,DHS,9638,9510,,,
GHA,784249,Neonatal mortality rate,17,0,GH,Ghana,2022,GH2022DHS,CM_ECMR_C_NNR,63206010,I,1000,0,Total,Total,14001,Five years preceding the survey,1,1,CMECMRCNNR,,2022,DHS,,,14,21,
GHA,146170,Neonatal mortality rate,19,0,GH,Ghana,2022,GH2022DHS,CM_ECMR_C_NNR,63206010,I,1000,0,Total,Total,14003,Ten years preceding the survey,1,0,CMECMRCNNR,,2022,DHS,,,16,22,
GHA,146186,Under-five mortality rate,40,0,GH,Ghana,2022,GH2022DHS,CM_ECMR_C_U5M,63206050,I,1000,0,Total,Total,14001,Five years preceding the survey,1,1,CMECMRCU5M,,2022,DHS,,,35,44,
GHA,146204,Under-five mortality rate,43,0,GH,Ghana,2022,GH2022DHS,CM_ECMR_C_U5M,63206050,I,1000,0,Total,Total,14003,Ten years preceding the survey,1,0,CMECMRCU5M,,2022,DHS,,,39,48,
GHA,322438,Assistance during delivery from a skilled provider,86.8,1,GH,Ghana,2022,GH2022DHS,RH_DELA_C_SKP,83606110,I,1000,0,Total,Total,14000,Three years preceding the survey,1,0,RHDELACSKP,,2022,DHS,5231,5768,,,
GHA,539455,Assistance during delivery from a skilled provider,87.6,1,GH,Ghana,2022,GH2022DHS,RH_DELA_C_SKP,83606110,I,1000,0,Total,Total,14002,Two years preceding the survey,1,1,RHDELACSKP,,2022,DHS,3638,4011,,,
GHA,394817,DPT 3 vaccination received,89,1,GH,Ghana,2022,GH2022DHS,CH_VACC_C_DP3,93906040,I,1000,0,Total,Total,0,,1,1,CHVACCCDP3,,2022,DHS,1823,1973,,,
GHA,394820,Pneumococcal 3 vaccination received,88.2,1,GH,Ghana,2022,GH2022DHS,CH_VACC_C_PN3,93906190,I,1000,0,Total,Total,0,,1,1,CHVACCCPN3,,2022,DHS,1823,1973,,,
GHA,385109,Appropriate disposal of stools,15.5,1,GH,Ghana,2022,GH2022DHS,CH_DSTL_C_SAF,94206150,I,1000,0,Total,Total,14002,Two years preceding the survey,1,0,CHDSTLCSAF,,2022,DHS,3388,3744,,,
GHA,424769,Children stunted,17.4,1,GH,Ghana,2022,GH2022DHS,CN_NUTS_C_HA2,104236020,I,1000,0,Total,Total,0,,1,1,CNNUTSCHA2,,2022,DHS,4293,4928,,,
GHA,643085,Children wasted,6,1,GH,Ghana,2022,GH2022DHS,CN_NUTS_C_WH2,104236050,I,1000,0,Total,Total,0,,1,1,CNNUTSCWH2,,2022,DHS,4291,4931,,,
GHA,643086,Children overweight,2,1,GH,Ghana,2022,GH2022DHS,CN_NUTS_C_WHP,104236060,I,1000,0,Total,Total,0,,1,1,CNNUTSCWHP,,2022,DHS,4291,4931,,,
GHA,321933,Women with any anemia,41.1,1,GH,Ghana,2022,GH2022DHS,AN_ANEM_W_ANY,114603010,I,1000,0,Total,Total,0,,1,1,ANANEMWANY,,2022,DHS,7655,7557,,,
GHA,485893,Women who smoke any type of tobacco,0.9,1,GH,Ghana,2022,GH2022DHS,AH_TOBC_W_ANY,151433005,I,10000,10000,Total 15-49,Total 15-49,0,,1,1,AHTOBCWANY,,2022,DHS,15014,15014,,,
GHA,229391,Men who smoke any type of tobacco,4.3,1,GH,Ghana,2022,GH2022DHS,AH_TOBC_M_ANY,151434005,I,10000,10000,Total 15-49,Total 15-49,0,,1,1,AHTOBCMANY,,2022,DHS,6277,6293,,,
GHA,744058,Own decision making about all three decisions,51.7,1,GH,Ghana,2022,GH2022DHS,WE_IDMH_W_RCH,176643040,I,1000,0,Total,Total,0,,1,1,WEIDMHWRCH,,2022,DHS,8205,8811,,,
GHA,333993,Women who used the internet in the past 12 months,43.3,1,GH,Ghana,2022,GH2022DHS,CO_INUS_W_U12,181273020,I,10000,10000,Total 15-49,Total 15-49,0,,1,1,COINUSWU12,,2022,DHS,15014,,,,
GHA,671927,Men who used the internet in the past 12 months,61.6,1,GH,Ghana,2022,GH2022DHS,CO_INUS_M_U12,181274020,I,10000,10000,Total 15-49,Total 15-49,0,,1,1,COINUSMU12,,2022,DHS,6277,6293,,,
GHA,724210,Women who own a mobile phone,79.6,1,GH,Ghana,2022,GH2022DHS,CO_MOBB_W_MOB,181283020,I,1000,0,Total,Total,0,,1,1,COMOBBWMOB,,2022,DHS,15014,15014,,,
GHA,212466,Women who use a mobile phone for financial transactions,82.6,1,GH,Ghana,2022,GH2022DHS,CO_MOBB_W_MBF,181283050,I,1000,0,Total,Total,0,,1,1,COMOBBWMBF,,2022,DHS,11956,11332,,,
GHA,356179,Men who own a mobile phone,87.9,1,GH,Ghana,2022,GH2022DHS,CO_MOBB_M_MOB,181284020,I,1000,0,Total,Total,0,,1,1,COMOBBMMOB,,2022,DHS,7044,7044,,,
GHA,626852,Men who use a mobile phone for financial transactions,85.9,1,GH,Ghana,2022,GH2022DHS,CO_MOBB_M_MBF,181284050,I,1000,0,Total,Total,0,,1,1,COMOBBMMBF,,2022,DHS,6189,6075,,,
GHA,766153,Women who ever experienced sexual violence,14.1,1,GH,Ghana,2022,GH2022DHS,DV_EXSV_W_EVR,197203010,I,10000,10000,Total 15-49,Total 15-49,0,,1,1,DVEXSVWEVR,,2022,DHS,5737,5737,,,
GHA,718507,Emotional violence committed by husband/partner in last 12 months,27.3,1,GH,Ghana,2022,GH2022DHS,DV_SPV1_W_EMT,198303010,I,10000,10000,Total 15-49,Total 15-49,631001,Ever-married,1,0,DVSPV1WEMT,,2022,DHS,3825,4234,,,
GHA,446711,Emotional violence committed by husband/partner in last 12 months,25.5,1,GH,Ghana,2022,GH2022DHS,DV_SPV1_W_EMT,198303010,I,10000,10000,Total 15-49,Total 15-49,631002,Ever-married or ever had intimate partner,1,1,DVSPV1WEMT,,2022,DHS,4919,5137,,,
GHA,718513,Physical violence committed by husband/partner in last 12 months,11,1,GH,Ghana,2022,GH2022DHS,DV_SPV1_W_PHS,198303020,I,10000,10000,Total 15-49,Total 15-49,631001,Ever-married,1,0,DVSPV1WPHS,,2022,DHS,3825,4234,,,
GHA,446714,Physical violence committed by husband/partner in last 12 months,9.8,1,GH,Ghana,2022,GH2022DHS,DV_SPV1_W_PHS,198303020,I,10000,10000,Total 15-49,Total 15-49,631002,Ever-married or ever had intimate partner,1,1,DVSPV1WPHS,,2022,DHS,4919,5137,,,
GHA,718508,Sexual violence committed by husband/partner in last 12 months,6.3,1,GH,Ghana,2022,GH2022DHS,DV_SPV1_W_SEX,198303030,I,10000,10000,Total 15-49,Total 15-49,631001,Ever-married,1,0,DVSPV1WSEX,,2022,DHS,3825,4234,,,
GHA,446712,Sexual violence committed by husband/partner in last 12 months,6.1,1,GH,Ghana,2022,GH2022DHS,DV_SPV1_W_SEX,198303030,I,10000,10000,Total 15-49,Total 15-49,631002,Ever-married or ever had intimate partner,1,1,DVSPV1WSEX,,2022,DHS,4919,5137,,,
GHA,718512,Physical or sexual or emotional violence committed by husband/partner in last 12 months,30,1,GH,Ghana,2022,GH2022DHS,DV_SPV1_W_ANY,198303070,I,10000,10000,Total 15-49,Total 15-49,631001,Ever-married,1,0,DVSPV1WANY,,2022,DHS,3825,4234,,,
GHA,446718,Physical or sexual or emotional violence committed by husband/partner in last 12 months,28.4,1,GH,Ghana,2022,GH2022DHS,DV_SPV1_W_ANY,198303070,I,10000,10000,Total 15-49,Total 15-49,631002,Ever-married or ever had intimate partner,1,1,DVSPV1WANY,,2022,DHS,4919,5137,,,
GHA,766157,Children registered,74.5,1,GH,Ghana,2022,GH2022DHS,CP_BREG_C_REG,220906030,I,1000,0,Total,Total,0,,1,1,CPBREGCREG,,2022,DHS,8508,9779,,,
GHA,383494,Population using open defecation,24.6,1,GH,Ghana,2022,GH2022DHS,WS_TLET_P_NFC,250262210,I,1000,0,Total,Total,0,,1,1,WSTLETPNFC,,2022,DHS,63611,68887,,,
GHA,383495,Population with basic sanitation service,24.3,1,GH,Ghana,2022,GH2022DHS,WS_TLET_P_BAS,250262300,I,1000,0,Total,Total,0,,1,1,WSTLETPBAS,,2022,DHS,63611,68887,,,
GHA,11472,"Population with a basic handwashing facility, with soap and water available",43.5,1,GH,Ghana,2022,GH2022DHS,WS_HNDW_P_BAS,250302150,I,1000,0,Total,Total,0,,1,1,WSHNDWPBAS,,2022,DHS,62264,67662,,,
GHA,572308,Population with electricity,82.9,1,GH,Ghana,2022,GH2022DHS,HC_ELEC_P_ELC,260322010,I,1000,0,Total,Total,0,,1,1,HCELECPELC,,2022,DHS,63611,68887,,,
GHA,572319,Population using clean fuel for cooking ,22.5,1,GH,Ghana,2022,GH2022DHS,HC_CKFL_P_CLN,260432150,I,1000,0,Total,Total,0,,1,1,HCCKFLPCLN,,2022,DHS,63611,68887,,,
